<!--
  ~  Copyright 2018. AppDynamics LLC and its affiliates.
  ~  All Rights Reserved.
  ~  This is unpublished proprietary source code of AppDynamics LLC and its affiliates.
  ~  The copyright notice above does not evidence any actual or intended publication of such source code.
  ~
  -->

<monitor>
    <name>MurexMonitor</name>
    <type>managed</type>
    <enabled>true</enabled>
    <description>Murex Service Availability Extension</description>
    <monitor-configuration></monitor-configuration>
    <monitor-run-task>
        <name>Murex Monitor Run task</name>
        <display-name>Murex Monitor Run task</display-name>
        <description>Murex Monitor Run task</description>
        <type>java</type>
        <execution-style>periodic</execution-style>
        <execution-frequency-in-seconds>300</execution-frequency-in-seconds>
        <execution-timeout-in-secs>60</execution-timeout-in-secs>
        
		<task-arguments>
			<argument name="config-file" is-required="true" default-value="monitors/MurexMonitor/config.yml" />
		</task-arguments>
        <java-task>
            <classpath>murex-availability-extension.jar</classpath>
            <impl-class>com.appdynamics.monitors.murex.MurexMonitor</impl-class>
        </java-task>
        
    </monitor-run-task>
</monitor>